Email,Url
info@thechickpea.ca | eben@eyebytes.com,https://thechickpea.ca/
thespicyamigos@hotmai.com,http://www.thespicyamigos.com/
orders@marathonethiopian.ca,http://marathonethiopian.ca
contact@sansoxygen.com | hello@rfuenzalida.com | matt@pixelspread.com,https://modernsteak.ca/
info@charcoalgrill.com,https://kecharcoalgrill.com/
reservations@labrezza.ca,http://labrezza.ca
info@naanstopgrill.ca,http://naanstopgrill.ca
info@milanocoffee.ca,http://milanocoffee.ca
info@calgaryfarmersmarket.ca,http://calgaryfarmersmarket.ca
event@melrosecalgary.com,http://melrosecalgary.com
sushiboat@shaw.ca,https://sushiboat.net/
info@chiliescalgary.com,http://chilliescalgary.com/contact/
contact@motimahal.ca,https://motimahal.ca/
hello@namvk.com,http://www.namvk.com/
marketing@secondcup.com | rewards@secondcup.com | investor@secondcup.com | franchising@secondcup.com | realestate@secondcup.com,https://secondcup.com/contact-us
eat@pzaparlour.com,http://pzaparlour.com
spudmobeel@primus.ca,http://spudmobeel.ca/contactus.html
info@silverinnrestaurant.com,http://silverinnrestaurant.com
info@thebeltliner.com,http://thebeltliner.com
Kristi@vendome.ca | natalia@vendomecafe.com | livemusic@vendomecafe.com,https://vendomecafe.com/
info@cracoviadeli.com,http://cracoviadeli.com
calgary@thehexcafe.com | edmonton@thehexcafe.com,https://thehexcafe.com/
orders@greenbeancatering.com,https://www.greenbeancatering.com/catering/
info@wokbox.ca,https://wokbox.ca/about-us/contact-us
info@therockfort.ca,http://www.therockfort.ca/menu/contact/
info@parkkitchen.ca,http://www.parkkitchen.ca/
info@tintindimsum.com,http://tintindimsum.com
13e49d785d8d4f828038b6136f3b48ba@sentry.io,https://www.burger320.com
ithink@fatburgercanada.com | jobs@fatburgercanada.com | marketing@fatburgercanada.com | franchise@fatburgercanada.com,https://www.fatburgercanada.com/contact-us-2/
info@rossocoffeeroasters.com,https://rossocoffeeroasters.com/
FundRaiserCenter@pandarg.com | FundraiserCenter@pandarg.com,https://www.pandaexpress.com/contactus
info@thaiexpress.ca,https://thaiexpress.ca/contact-us/
info@forkandsalad.com,https://forkandsalad.com/contact-us/
info@ourdailybrett.com,https://www.ourdailybrett.com/
events@subsnbubbles.com,http://www.subsnbubbles.com/
info@bottlescrewbill.com | party@bottlescrewbill.com | Party@bottlescrewbill.com | stampede@bottlescrewbill.com,http://bottlescrewbill.com
info@dspotdessert.com,https://www.dspotdessert.com/contact/
tassebakery@shaw.ca,https://www.tassebakery.com/
info@winsport.ca | train@winsport.ca,https://www.winsport.ca/aboutwinsportcanada/contact.cfm
bwmyers@kahalamgmt.com,https://muchoburrito.com/
socialmedia@brownssocialhouse.com,https://brownssocialhouse.com/
info@wopizza.ca | truck@wopizza.ca,http://woppizza.ca
nraj@rajpalace.ca | raj@rajpalace.ca,http://rajpalace.ca
socialmedia@brownssocialhouse.com,https://brownssocialhouse.com/
thai-nk@telus.net,http://thai-nk.com/contactus.html
brunch@monkibistro.ca,https://www.monkibistro.ca/
info@pulcinella.ca,https://pulcinella.ca/contact/
info@biteyyc.com,https://biteyyc.com/
hello@myvillageyyc.com,https://www.myvillageyyc.com/
events@doublezeropizza.ca,https://www.doublezeropizza.ca/
francesca@ss106.ca,http://ss106.ca
calgarymeats@yahoo.ca,https://www.calgarymeats.com
events@bmex.ca,http://frenchieyyc.com
office@balkanfoods.ca,https://www.balkanfoods.ca/
info@greenchili.ca,https://www.greenchili.ca/
info@greenchili.ca,https://www.greenchili.ca/
info@livingroomrestaurant.ca | john@livingroomrestaurant.ca,https://livingroomrestaurant.ca/
info@biteyyc.com,https://biteyyc.com/
info@namskar.com,https://www.namskar.ca/
info@onopokeco.com,https://www.onopokeco.com/
jobs@sircorp.com,https://jackastors.com/
lunarossarest@shaw.ca,http://www.lalunarossa.ca/contact.html
bkkstreetfood@telus.net,http://bkkstreetfood.com
john@waalflower.ca,https://waalflower.ca/contact/
izzo@jerusalem-shawarma.ca,http://jerusalem-shawarma.ca
astigma@astigmatic.com,https://thaiboat.ca/
info@powpizza.ca,https://powpizza.ca/
catering@cocobrooks.com | marketplace@cocobrooks.com | info@cocobrooks.com | fundraising@cocobrooks.com,https://www.cocobrooks.com/
nathan@thederrickyyc.com | marc@thederrickyyc.com | nathanb@thederrickyyc.com | westhom@thederrickyyc.com | angela@thederrickyyc.com,http://thederrickyyc.com
info@pelicanpier.ca,http://www.pelicanpier.ca/
micah@micahrich.com,https://presto-pizza.ca/
info@inspiredgo.ca,https://inspiredgo.ca/
info@savoys.ca,https://savoys.ca/calgary/
eat@villafirenze.ca,https://www.villafirenze.ca/
info@eatchronictacos.com,https://www.chronictacos.com/
quesada_178@quesada.ca | quesada_181NT@quesada.ca | quesada_089@quesada.ca | quesada_065@quesada.ca | quesada_017@quesada.ca | quesada_073@quesada.ca | quesada_204@quesada.ca | quesada_041t1@quesada.ca | quesada_165@quesada.ca | quesada_091@quesada.ca | quesada_094@quesada.ca | quesada_088@quesada.ca | quesada_022t1@quesada.ca | quesada_133@quesada.ca | quesada_082t1@quesada.ca | quesada_053@quesada.ca | quesada_111@quesada.ca | quesada_060@quesada.ca | quesada_185@quesada.ca | quesada_168@quesada.ca | quesada_126@quesada.ca | quesada_135@quesada.ca | quesada_166@quesada.ca | quesada_030t1@quesada.ca | quesada_148@quesada.ca | quesada_188@quesada.ca | quesada_069@quesada.ca | quesada_024@quesada.ca | quesada_157@quesada.ca | quesada_167NT@quesada.ca | quesada_122NT@quesada.ca | quesada_023@quesada.ca | quesada_207NT@quesada.ca | quesada_150@quesada.ca | warden@quesada.ca | quesada_031t1@quesada.ca | quesada_083@quesada.ca | quesada_020@quesada.ca | quesada_175@quesada.ca | quesada_117@quesada.ca | quesada_045@quesada.ca | quesada_163@quesada.ca | quesada_160@quesada.ca | quesada_136t1@quesada.ca | quesada_172@quesada.ca | quesada_047t1@quesada.ca | quesada_137@quesada.ca | quesada_018@quesada.ca | quesada_203@quesada.ca | quesada_139@quesada.ca | quesada_046@quesada.ca | quesada_127@quesada.ca | quesada_062@quesada.ca | quesada_125@quesada.ca | quesada_077@quesada.ca | quesada_033t1@quesada.ca | quesada_118@quesada.ca | quesada_102@quesada.ca | quesada_151@quesada.ca | quesada_152@quesada.ca | quesada_097@quesada.ca | quesada_028t1@quesada.ca | quesada_164@quesada.ca | quesada_149@quesada.ca | quesada_084@quesada.ca | quesada_183@quesada.ca | quesada_043@quesada.ca | quesada_015t1@quesada.ca | quesada_154NT@quesada.ca | quesada_025@quesada.ca | quesada_027@quesada.ca | wellington@quesada.ca | quesada_026t1@quesada.ca | quesada_109@quesada.ca | quesada_107t1@quesada.ca | quesada_171@quesada.ca | quesada_063@quesada.ca | quesada_048t1@quesada.ca | quesada_120@quesada.ca | quesada_014t1@quesada.ca | quesada_095@quesada.ca | quesada_032t1@quesada.ca | quesada_055@quesada.ca | quesada_016t2@quesada.ca | quesada_070@quesada.ca | quesada_085T2@quesada.ca | quesada_153@quesada.ca | quesada_080@quesada.ca | quesada_021@quesada.ca | quesada_123@quesada.ca | quesada_195@quesada.ca | quesada_173@quesada.ca | quesada_201@quesada.ca | quesada_119@quesada.ca | quesada_066@quesada.ca | quesada_212@quesada.ca | quesada_104@quesada.ca | quesada_101@quesada.ca | quesada_142nt@quesada.ca | quesada_145@quesada.ca | quesada_128@quesada.ca | quesada_199@quesada.ca | quesada_079@quesada.ca | quesada_093@quesada.ca | quesada_090@quesada.ca | quesada_116@quesada.ca | quesada_194@quesada.ca | quesada_140@quesada.ca | quesada_124@quesada.ca | quesada_103@quesada.ca | quesada_087t1@quesada.ca | quesada_189@quesada.ca | quesada_180@quesada.ca | quesada_156@quesada.ca | kingst@quesada.ca | quesada_072@quesada.ca | quesada_092@quesada.ca | quesada_132@quesada.ca | quesada_067@quesada.ca | quesada_138@quesada.ca | quesada_158@quesada.ca | quesada_081@quesada.ca | quesada_036@quesada.ca | quesada_064@quesada.ca | quesada_141@quesada.ca | quesada_034@quesada.ca | quesada_054t1@quesada.ca | quesada_096@quesada.ca | quesada_029@quesada.ca | quesada_110@quesada.ca | quesada_170@quesada.ca | quesada_076@quesada.ca | quesada_105@quesada.ca | quesada_182@quesada.ca | quesada_169@quesada.ca | quesada_052@quesada.ca | quesada_147@quesada.ca | quesada_174@quesada.ca,https://quesada.ca/contact/
marketing@rangefish.ca | info@rangefish.ca,https://open-range.ca/
info@rajdoot.ca,http://www.rajdoot.ca/
downtown@caesarssteakhouse.com | willowpark@caesarssteakhouse.com,https://www.caesarssteakhouse.com//
cody@thankyouhospitality.com | info@twopenny.ca,https://www.twopenny.ca/contact
support@riiwards.com,https://www.tajmahal-calgary.com/
info@teffngreens.ca,http://teffngreens.ca
info@sukiyakihouse.com,https://www.sukiyakihouse.com/
downtown@caesarssteakhouse.com | willowpark@caesarssteakhouse.com,https://www.caesarssteakhouse.com//
info@lazyloafandkettle.com,http://lazyloafandkettle.com
sgrille@heritagepark.ca,https://www.selkirkgrille.ca/
Leonkim@live.co,https://www.meshicalgary.com/
orders@singaporesams.com,http://singaporesams.com
connect@triocafe.ca,https://www.triocafe.ca/contact-us.html
qelder@cliveburger.com,https://www.cliveburger.com/
virginia@regrub.ca,https://www.regrub.ca/
mail@stagewestcalgary.com,https://stagewestcalgary.com/contact-info/
astigma@astigmatic.com | hello@rfuenzalida.com | matt@pixelspread.com | cassy@velvetcafecalgary.ca,https://velvetcafecalgary.ca/
reception@cactusclubcafe.com | media@cactusclubcafe.com,https://www.cactusclubcafe.com/contact-us/
toshi@carinobistro.ca,https://www.eatcarino.com/
careers@q2concepts.com,https://www.wiseandwright.com/
Catering@holysmokebbq.ca | alec.ferguson@me.com | emaildemo@hostopia.com | HS1@holysmokebbq.ca,http://holysmokebbq.ca
info@thebluescan.com | donate@thebluescan.com,https://thebluescan.com/
bil@4thspot.com,https://www.spotoncalgary.com/
info@bonterra.ca,https://bonterra.ca/
jesse@citypalate.ca,https://citypalate.ca/home/contact-us/
dattaj@shaw.ca,https://www.restaurantpuspa.com/
info@teahouseyyc.com,https://www.teahouseyyc.com/
info@thehose.ca,http://thehose.ca/contact.php
info@eatatwill.ca,https://www.eatatwill.ca/
info@purlieucalgary.ca,https://www.purlieucalgary.ca/
info@brazilianbbq.ca,https://www.brazilianbbq.ca/
info@barburrito.ca,https://www.barburrito.ca/contact/
Developer@yahoo.com,http://www.tiffincurry.ca
dethai@telus.net,http://dethaicuisine.com
ashley@wednesdayroom.com,http://wednesdayroom.com
sushi@zipang.ca,https://zipang.ca/
info@ricardoshideaway.ca,http://www.ricardoshideaway.ca/contact
13e49d785d8d4f828038b6136f3b48ba@sentry.io,https://www.burger320.com
info@blancocantina.ca,https://blancocantina.ca/
info@chixeggshop.com,https://www.chixeggshop.com/
terrylam3388@yahoo.ca,http://saigonrex.ca
sera@scarpones.com,http://www.italianstore.ca/contact-us/
info@linasmarket.com,https://linasmarket.com/
micah@micahrich.com,https://aladdinscasbah.com/
info@dirtbelly.com,http://www.dirtbelly.com/
info@freehouseyyc.com | reserve@freehouseyyc.com,https://freehouseyyc.com/
info@flavourcuisineandcatering.com,https://flavourcuisineandcatering.com/
info@perogyboyz.com,https://perogyboyz.com/
info@cardinale.ca | graham@cardinale.ca,https://www.cardinale.ca/
reservations@brekkie.ca | brunch@brekkie.ca,https://brekkie.ca/
mthompson@osf.ca | klobson@osf.ca | nwilson@osf.ca | jchan@osf.ca | admin@osf.ca | ckanuka@osf.ca | pbuckley@osf.ca | crivers@osf.ca | hwylie@osf.ca | donations@osf.ca | abuckley@osf.ca,http://www.oldspaghettifactory.ca/contact/
goldencactusrestaurant@outlook.com,http://goldencactus.ca/contact-us/
events@thejamaicanjerk.ca,https://thejamaicanjerk.ca/contact-us
tomoip@icloud.com,https://redheadscafe.com/
info@shawarmaknight.com,http://www.shawarmaknight.com/contact-us/
info@dirtbelly.com,http://www.dirtbelly.com/
michal@sidewalkctizenbakery.com | michal@sidewalkcitizenbakery.com | orders@sidewalkcitizenbakery.com,https://www.sidewalkcitizenbakery.com/
info@localon8thave.com,https://localpubliceatery.com/neighbourhoods/8th-ave/
info_salsita@shaw.ca,https://www.salsita.ca/
john@allorarestaurant.com,https://allorarestaurant.com/contact-us/
info@posto.ca,https://posto.ca/
info@sucrecafe.com,https://sucrecafe.com/contact-us/
info@thegooseyyc.ca,https://thegooseyyc.ca/
info@masalabhavan.com | ninfo@masalabhavan.com,https://masalabhavan.com/
info@veganstreeteats.ca,https://www.veganstreeteats.ca/
info@teatro.ca,https://teatro.ca/
ninfo@pegasuscalgary.com,https://www.pegasuscalgary.com/
eat@shawarmaqueen.ca,https://shawarmaave.weebly.com/contact.html
lotusS@trolley5.com | erniet@trolley5.com,https://trolley5.com/
info@silverdragoncalgary.com,https://www.silverdragoncalgary.com
diana@eatcucina.com | info@eatcucina.com,https://eatcucina.com/
contact@breadandcircusyyc.com,https://breadandcircusyyc.com/
orders@littlespice.ca,http://littlespice.ca
info@deanehouse.com,https://www.deanehouse.com/
events@blinkcalgary.com,https://www.blinkcalgary.ca/
info@mercatogourmet.com,https://www.mercatogourmet.com/contact
info@minassteakhouse.com,https://www.minassteakhouse.com/
info@unimarket.ca,https://unimarket.ca/
hello@kleinharris.com,https://www.kleinharris.com/
info@thaibistro.ca | booking@thaibistro.ca,https://thaibistro.ca/
info@koicalgary.com,https://www.koicalgary.com/
info@omoteppan.com,https://omoyyc.com/
info@alforno.ca,https://alforno.ca/
hello@janebondbbq.com,https://www.janebondbbq.com/
info@nikospizza.ca,http://nikospizza.ca
rocco@scarpettaeatery.com | rocco@500cucina.com,https://www.scarpettaeatery.com/
Info@petersdrivein.com,http://petersdrivein.com
durpat@shaw.ca,https://www.fleurdeselbrasserie.com/
sales@peppinogourmet.com,http://peppinogourmet.com
hello@namvk.com,http://www.namvk.com/
contact@jinyaholdings.com,http://jinya-ramenbar.com
info@cleavercalgary.com,https://www.cleavercalgary.com/
info@qhautecuisine.com,https://www.qhautecuisine.com/
info@bigrockgrill.com,https://bigrockgrill.com/
info@kingeddy.ca,https://kingeddy.ca/
music@offcutbar.com | media@thenashyyc.com | info@thenashyyc.com,http://thenashyyc.com/contact/
events@rougecalgary.com | info@rougecalgary.com,https://rougecalgary.com/
info@ukrainianfinefoods.com | luciano@latinotype.com,https://ukrainianfinefoods.com
info@bridgelandmarket.com,http://tazzafresh.com
info@purekitchenbar.com,https://www.purekitchenbar.com/
info@seednsalt.com,https://www.seednsalt.com/
geddes@pressandpost.com | info@pigeonholeyyc.ca | events@pigeonholeyyc.ca,https://www.pigeonholeyyc.ca/contact
events@lastbestbrewing.com | covid19feedback@bearhill.ca,https://lastbestbrewing.com/
hello@donnamacyyc.ca,https://www.donnamacyyc.ca/
janos21@shaw.ca,http://jonasrestaurant.com
reservations@4thspot.com,https://4thspot.com/
contact@sansoxygen.com,https://modernocean.ca/
info@kingsrestaurant.net,https://www.kingsrestaurant.net/
kathy@empanadaqueen.ca,http://empanadaqueen.ca
info@ogamchicken.com,http://ogamchicken.com
david@one18empire.com | info@one18empire.com,http://one18empire.com
info@edenbistro.ca,http://edenbistro.ca
info@konapoke.com,https://www.konapoke.com/
ninfo@po-ke.ca,http://po-ke.ca
info@brasseriekensington.com,http://www.brasseriekensington.com/
info@theallium.ca,http://www.theallium.ca/
contact@jerusalemshawarma.ca,http://jerusalemshawarma.ca
info@charbar.ca | reservations@charbar.ca,http://www.charbar.ca/
media@notabletherestaurant.ca | info@notabletherestaurant.ca,http://notabletherestaurant.ca/contact/
info@schnitzel.ca,https://wienerschnitzel.ca/
info@edelweissimports.com,https://edelweissimports.com/
ndamascus_r@live.com,https://www.damascuscalgary.com/
info@modelmilk.ca,http://www.modelmilk.ca/contact
westsprings@cluckncleaver.com | beltline@cluckncleaver.com | squawk@cluckncleaver.com,http://cluckncleaver.com
hello@alumnisandwiches.com,https://alumnisandwiches.com/
info@haydenblockyyc.com,http://haydenblockyyc.com
13e49d785d8d4f828038b6136f3b48ba@sentry.io | hi@mystore.com,https://songhuongyyc.square.site/
info@cottoyyc.com,http://cottoyyc.com
info@zcrewcafe.com,https://zcrewcafe.com/
hope@briggskitchenandbar.com,https://briggskandb.com/
geddes@pressandpost.com | info@bridgettebar.com,http://www.bridgettebar.com/contact
eat@nightsandweekends.ca,https://www.nightsandweekends.ca/
support@riiwards.com,https://www.tacosmexicoyyc.com/
info@marketcalgary.ca,https://marketcalgary.ca/
admin@calanbeefnoodle.ca,http://calanbeefnoodle.ca
